id;title;content;date
1;monitor 1080p Checking Account;world-class Frozen IB;2019-10-17T01:03:19
2;archive Fantastic Plastic Chicken;payment;2019-10-17T01:49:24
3;tangible Mississippi;Frozen bus;2019-10-16T21:45:21
4;Idaho compress Avon;system Small;2019-10-17T05:28:13
5;red;withdrawal knowledge base Buckinghamshire;2019-10-16T18:13:59
6;Phased;Saint Lucia white;2019-10-16T17:23:10
7;Money Market Account;Salad Web virtual;2019-10-17T00:48:46
8;RSS;mint green e-business EXE;2019-10-17T08:13:49
9;Fresh granular Direct;Profit-focused;2019-10-17T05:45:50
10;copying;ability Hat Iraq;2019-10-17T04:22:43
